FechaHora,Ubicacion,Temperatura,Humedad,Calidad Aire
2024-01-01 00:00:00,Ubicacion 2,20.488135039273246,60.040865954255935,48.968491236454916
2024-01-01 01:00:00,Ubicacion 2,22.151893663724195,67.08847229492471,13.168728181445688
2024-01-01 02:00:00,Ubicacion 3,21.02763376071644,31.158101961078422,39.70136667776334
2024-01-01 03:00:00,Ubicacion 1,20.448831829968967,65.82765164840814,70.44015394011737
2024-01-01 04:00:00,Ubicacion 2,19.236547993389046,45.70275153848604,28.488552055373116
2024-01-01 05:00:00,Ubicacion 1,21.45894113066656,65.13489981519976,10.398807754342043
2024-01-01 06:00:00,Ubicacion 2,19.375872112626926,57.631391046261186,90.78984575106281
2024-01-01 07:00:00,Ubicacion 1,23.917730007820797,69.49395028295874,70.90508098155446
2024-01-01 08:00:00,Ubicacion 2,24.636627605010293,60.371298068666725,61.52764266350972
2024-01-01 09:00:00,Ubicacion 2,18.83441518825778,44.58178503987146,79.24989056089166
2024-01-01 10:00:00,Ubicacion 2,22.917250380826644,50.042526913390084,83.56460375834757
2024-01-01 11:00:00,Ubicacion 2,20.288949197529043,45.05556620777405,48.345899817102335
2024-01-01 12:00:00,Ubicacion 3,20.680445610939323,44.59647344084952,88.118825140944
2024-01-01 13:00:00,Ubicacion 1,24.25596638292661,40.43617997524239,91.64190107011055
2024-01-01 14:00:00,Ubicacion 2,15.71036058197887,49.83881181493878,27.15510954247814
2024-01-01 15:00:00,Ubicacion 2,15.871292997015408,57.26959780277445,60.75453597907943
2024-01-01 16:00:00,Ubicacion 1,15.202183974403257,41.09361085220974,52.658402882046914
2024-01-01 17:00:00,Ubicacion 2,23.32619845547938,50.9751924430888,53.794577915190246
2024-01-01 18:00:00,Ubicacion 2,22.781567509498505,34.69521176682229,93.76630939645621
2024-01-01 19:00:00,Ubicacion 1,23.70012148246819,36.39381147416765,30.5188702693029
2024-01-01 20:00:00,Ubicacion 3,24.78618342232764,31.87225418848755,98.34339782345762
2024-01-01 21:00:00,Ubicacion 3,22.991585642167237,68.82925771082532,90.21312148042321
2024-01-01 22:00:00,Ubicacion 2,19.61479362252932,30.154414060410446,45.87228886135026
2024-01-01 23:00:00,Ubicacion 3,22.805291762864556,37.14319872230625,81.74532636181662
2024-01-02 00:00:00,Ubicacion 3,16.182744258689333,54.5146701246797,76.90469943201406
2024-01-02 01:00:00,Ubicacion 2,21.39921021327524,33.254783954132215,67.78949696185212
2024-01-02 02:00:00,Ubicacion 2,16.433532874090464,65.27586012387329,31.98338893831543
2024-01-02 03:00:00,Ubicacion 3,24.446689170495837,58.784806313691526,19.645099182095393
2024-01-02 04:00:00,Ubicacion 2,20.21848321750072,68.65559885751574,67.15276967657582
2024-01-02 05:00:00,Ubicacion 2,19.146619399905234,50.305421889630594,84.29732964010842
2024-01-02 06:00:00,Ubicacion 3,17.64555612104627,42.01614732633949,1.6252788677369678
2024-01-02 07:00:00,Ubicacion 1,22.742336894342166,51.980022911810856,64.2803375308512
2024-01-02 08:00:00,Ubicacion 3,19.561503322165485,67.23274869191893,44.28730246222125
2024-01-02 09:00:00,Ubicacion 3,20.684339488686483,50.83045748967442,89.80877551269836
2024-01-02 10:00:00,Ubicacion 3,15.187898004363552,40.688281274492745,32.14729308542053
2024-01-02 11:00:00,Ubicacion 2,21.176354970758773,65.09595156696479,47.418481226362175
2024-01-02 12:00:00,Ubicacion 3,21.120957227224213,44.876749940498456,51.47671040351863
2024-01-02 13:00:00,Ubicacion 2,21.16933996874757,30.055333999959966,14.043952137105297
2024-01-02 14:00:00,Ubicacion 1,24.437480785146242,39.90740089969264,71.28923026989064
2024-01-02 15:00:00,Ubicacion 3,21.818202991034834,42.7293403670825,83.04763451209595
2024-01-02 16:00:00,Ubicacion 1,18.59507900573786,64.35109872927609,5.790927689626024
2024-01-02 17:00:00,Ubicacion 3,19.370319537993414,48.3401266826578,29.138882053690274
2024-01-02 18:00:00,Ubicacion 2,21.97631195927265,47.78349151245203,3.804468153505791
2024-01-02 19:00:00,Ubicacion 1,15.602254716292698,43.444090655995495,95.65441046882424
2024-01-02 20:00:00,Ubicacion 3,21.667667154456677,65.22712492188319,66.71688207038235
2024-01-02 21:00:00,Ubicacion 1,21.706378696181595,67.80107107761566,96.42004194547815
2024-01-02 22:00:00,Ubicacion 2,17.103825610738408,69.67561316618517,53.14942783313078
2024-01-02 23:00:00,Ubicacion 2,16.28926297654853,45.06965067843947,80.20685238956139
2024-01-03 00:00:00,Ubicacion 3,18.15428350924184,68.64589782508685,37.441398387974004
2024-01-03 01:00:00,Ubicacion 3,18.637107709426225,61.67518278523605,35.38190325726409
2024-01-03 02:00:00,Ubicacion 1,20.7019677041788,57.02756590577067,37.826781710513266
2024-01-03 03:00:00,Ubicacion 2,19.386015134623204,39.795579176803976,65.78621337264282
2024-01-03 04:00:00,Ubicacion 2,24.883738380592263,38.65829043776839,35.94531510216522
2024-01-03 05:00:00,Ubicacion 3,16.02044810748028,36.641912980849824,90.03674516042256
2024-01-03 06:00:00,Ubicacion 2,17.088767560948348,66.91026440901462,98.32748650501553
2024-01-03 07:00:00,Ubicacion 2,16.613095178849964,41.76306649532664,3.042651533700591
2024-01-03 08:00:00,Ubicacion 2,21.531083254653986,48.123769817955136,19.362329040249648
2024-01-03 09:00:00,Ubicacion 1,17.53291602539782,49.75831335948894,11.224999258738599
2024-01-03 10:00:00,Ubicacion 1,19.663107728563062,61.126863818010165,4.236404709144326
2024-01-03 11:00:00,Ubicacion 1,17.444255920016026,63.76939846212097,22.774099334728646
2024-01-03 12:00:00,Ubicacion 2,16.589695836455196,35.56290804594451,44.679332036908114
2024-01-03 13:00:00,Ubicacion 3,16.103751411643053,47.07617440844295,83.69903652886838
2024-01-03 14:00:00,Ubicacion 3,21.563295894652732,63.71419551341829,22.18240305099961
2024-01-03 15:00:00,Ubicacion 3,16.38182951348614,62.721332230233536,49.394525566220125
2024-01-03 16:00:00,Ubicacion 1,16.965823616800535,34.096550338096655,92.96187394467545
2024-01-03 17:00:00,Ubicacion 2,18.68725170660964,36.25533395471852,66.72147067866749
2024-01-03 18:00:00,Ubicacion 1,23.20993229847935,42.167947663976314,79.80790197559975
2024-01-03 19:00:00,Ubicacion 1,15.971012757930612,33.014362763333615,55.09939701854862
2024-01-03 20:00:00,Ubicacion 3,23.379449074988038,46.98652011362371,98.046645884063
2024-01-03 21:00:00,Ubicacion 3,15.960984078939632,34.304708205983275,58.86621546814742
2024-01-03 22:00:00,Ubicacion 2,24.764594650133958,52.7287037467938,4.551071396259154
2024-01-03 23:00:00,Ubicacion 1,19.686512016477018,39.86227759244625,19.798279993979484
2024-01-04 00:00:00,Ubicacion 2,24.767610881903373,53.857322613984906,40.4773628957148
2024-01-04 01:00:00,Ubicacion 1,21.04845519745046,34.70102571614551,60.12771725737763
2024-01-04 02:00:00,Ubicacion 2,22.39263579398302,69.03535473674134,77.19308674089599
2024-01-04 03:00:00,Ubicacion 1,15.391877922543207,67.30244815429361,41.30861259038863
2024-01-04 04:00:00,Ubicacion 2,17.828069625764094,45.67187754258663,71.00583050156887
2024-01-04 05:00:00,Ubicacion 1,16.20196561213169,39.687143765043416,78.98695031091249
2024-01-04 06:00:00,Ubicacion 1,17.96140197522145,40.015928514142914,31.726019724998277
2024-01-04 07:00:00,Ubicacion 3,16.187277189542442,49.335741408095686,97.92702400358185
2024-01-04 08:00:00,Ubicacion 1,18.179831793939762,31.59971207602868,64.96564952358355
2024-01-04 09:00:00,Ubicacion 3,19.1426299451467,55.58820424300508,88.09980607861311
2024-01-04 10:00:00,Ubicacion 2,15.641474963487843,46.332116333589795,55.59376888086067
2024-01-04 11:00:00,Ubicacion 3,21.9247211937002,45.09626290355549,74.16031071523237
2024-01-04 12:00:00,Ubicacion 1,20.666014542065753,62.37459885956794,77.05440616163654
2024-01-04 13:00:00,Ubicacion 3,17.653894909394452,58.3614184073316,90.8248379234579
2024-01-04 14:00:00,Ubicacion 3,20.232480534666998,68.17335261570767,15.034975687137031
2024-01-04 15:00:00,Ubicacion 2,15.939405107584417,44.07744961982763,55.82834241692485
2024-01-04 16:00:00,Ubicacion 3,20.759464955561793,65.90171058597622,42.83785131058563
2024-01-04 17:00:00,Ubicacion 2,24.29296197576214,60.798687450003555,92.31590211737402
2024-01-04 18:00:00,Ubicacion 2,18.185689524513236,44.29698606378852,10.509469424899919
2024-01-04 19:00:00,Ubicacion 3,21.674103799636818,54.86661745813031,98.25738886809128
2024-01-04 20:00:00,Ubicacion 1,16.31797862404392,41.54279830606782,87.54513240932963
2024-01-04 21:00:00,Ubicacion 2,22.163272041185657,64.9759966829937,7.382628156424853
2024-01-04 22:00:00,Ubicacion 3,17.894060929472012,34.49709268849245,49.096638554047445
2024-01-04 23:00:00,Ubicacion 2,16.83191362007117,38.497374451761644,71.75595002125259
2024-01-05 00:00:00,Ubicacion 3,20.86512934810083,37.321331683196846,73.81515456910564
2024-01-05 01:00:00,Ubicacion 3,15.201075461874936,46.12104009617155,90.64941252379208
2024-01-05 02:00:00,Ubicacion 1,23.28940029217363,59.80931840128517,79.98654355823109
2024-01-05 03:00:00,Ubicacion 3,15.04695476192547,51.07629796208721,31.09303803440895
2024-01-05 04:00:00,Ubicacion 2,21.778165367962302,49.5070529415283,49.84347858624524
2024-01-05 05:00:00,Ubicacion 2,17.700079731921647,30.021838595879828,70.17857629358541
2024-01-05 06:00:00,Ubicacion 1,22.35194022122595,47.01606901420219,13.843684136435142
2024-01-05 07:00:00,Ubicacion 2,24.621885451174382,32.542150993446334,19.39907976001973
2024-01-05 08:00:00,Ubicacion 1,17.48753143519958,38.33013008485935,48.10424481098726
2024-01-05 09:00:00,Ubicacion 3,20.76157334417837,67.29575755841978,29.824579870551272
2024-01-05 10:00:00,Ubicacion 3,20.92041931271839,38.61592817372953,86.2559249784095
2024-01-05 11:00:00,Ubicacion 3,20.722519057908734,64.3335055453705,58.627732152061796
2024-01-05 12:00:00,Ubicacion 1,17.230816326406185,62.115734862453365,34.86651977183677
2024-01-05 13:00:00,Ubicacion 2,24.52749011516985,36.365849477689714,84.88330256044101
2024-01-05 14:00:00,Ubicacion 2,19.471253786176273,54.228478290811154,80.48784485542389
2024-01-05 15:00:00,Ubicacion 3,23.46408672471128,34.62647487620053,99.83548770992695
2024-01-05 16:00:00,Ubicacion 2,21.99479275317504,59.115526334780455,84.73076883337349
2024-01-05 17:00:00,Ubicacion 1,17.974369508551337,55.498491094888266,41.44565348056797
2024-01-05 18:00:00,Ubicacion 1,23.137978197024772,62.477542467640774,12.749888176998848
2024-01-05 19:00:00,Ubicacion 1,18.965057408469846,49.17538197556752,84.06409082004778
2024-01-05 20:00:00,Ubicacion 1,23.811031971111618,66.59452351333532,5.975791796039398
2024-01-05 21:00:00,Ubicacion 2,20.812728726358586,31.97395787153759,35.027120734485415
2024-01-05 22:00:00,Ubicacion 1,23.81735361854853,41.715542601080585,91.97379807712738
2024-01-05 23:00:00,Ubicacion 2,21.925315900777658,58.602103898606686,96.07664734451006
2024-01-06 00:00:00,Ubicacion 3,22.252542798196405,46.72436846992004,64.05645935212185
2024-01-06 01:00:00,Ubicacion 2,20.01324381926702,36.918054170846254,68.86483169837135
2024-01-06 02:00:00,Ubicacion 1,24.56083634723224,34.28842981714184,4.245448872552249
2024-01-06 03:00:00,Ubicacion 2,21.439901992296374,62.693564458464856,51.448034108954786
2024-01-06 04:00:00,Ubicacion 3,19.238550485581797,48.925719138625766,54.68681788063412
2024-01-06 05:00:00,Ubicacion 3,21.063932141279246,65.2913468767643,34.01007461241111
2024-01-06 06:00:00,Ubicacion 3,15.191931983093335,59.33156537266904,6.859683475388434
2024-01-06 07:00:00,Ubicacion 2,18.015748166745492,46.38904822522974,22.8907599724394
2024-01-06 08:00:00,Ubicacion 1,21.60173537492685,44.940440566227345,35.79839368611963
2024-01-06 09:00:00,Ubicacion 1,17.900776072104442,50.62553386605007,43.51419865163296
2024-01-06 10:00:00,Ubicacion 2,21.180154289988415,65.56239812758915,59.09267255335692
2024-01-06 11:00:00,Ubicacion 1,19.287687009457663,59.49114318856672,72.23915186982364
2024-01-06 12:00:00,Ubicacion 1,16.354740642224503,30.20611857076093,31.763187327394615
2024-01-06 13:00:00,Ubicacion 2,17.98282325956031,57.76631405476502,32.89537599189831
2024-01-06 14:00:00,Ubicacion 3,20.699649107012647,66.78029627623283,1.9691642723703717
2024-01-06 15:00:00,Ubicacion 1,20.908727612481734,58.418230380179665,4.087486009401831
2024-01-06 16:00:00,Ubicacion 3,20.743252488495788,37.08023126269984,25.782169430853642
2024-01-06 17:00:00,Ubicacion 1,21.532008198571337,49.34072509709835,74.02449976749567
2024-01-06 18:00:00,Ubicacion 3,21.52103270001689,35.612640716936774,62.83138303739122
2024-01-06 19:00:00,Ubicacion 3,19.31418435433974,44.35981113358528,76.97890206778347
2024-01-06 20:00:00,Ubicacion 1,23.96546595851063,67.4846816776207,76.89194362148217
2024-01-06 21:00:00,Ubicacion 1,18.675618700478964,66.93221230234833,85.65674676693013
2024-01-06 22:00:00,Ubicacion 2,19.358649252656267,41.31347408704332,72.03192659868836
2024-01-06 23:00:00,Ubicacion 1,23.91923355015672,43.58524176664797,97.90109190008228
2024-01-07 00:00:00,Ubicacion 1,23.061939890460856,54.00851472525176,89.88252193018174
2024-01-07 01:00:00,Ubicacion 2,22.03888583540366,68.5278918104152,58.67171662232342
2024-01-07 02:00:00,Ubicacion 3,16.00226887312301,35.912053362615616,58.81576704911717
2024-01-07 03:00:00,Ubicacion 2,24.194826137446736,40.276665747466765,3.4267040352229494
2024-01-07 04:00:00,Ubicacion 3,22.142412995491114,64.94227309163085,99.85265777083544
2024-01-07 05:00:00,Ubicacion 2,24.988470065678666,49.675689268333784,13.157599736614179
2024-01-07 06:00:00,Ubicacion 1,16.494483046579937,65.95844368908126,74.0347196631592
2024-01-07 07:00:00,Ubicacion 1,23.68126057368214,37.42071590092705,82.10151951243088
2024-01-07 08:00:00,Ubicacion 3,16.62492934676375,51.30674349885443,37.305452930520325
2024-01-07 09:00:00,Ubicacion 1,21.155595642838442,43.0507853059749,19.685205466531375
2024-01-07 10:00:00,Ubicacion 3,16.238199828494416,42.66170239569904,9.875988679055503
2024-01-07 11:00:00,Ubicacion 2,23.480082293222345,47.875078557847964,74.86060058295779
2024-01-07 12:00:00,Ubicacion 1,23.073189587250106,47.32309796405074,45.26535292056957
2024-01-07 13:00:00,Ubicacion 3,20.691007386145934,44.293875187118175,71.37177590011356
2024-01-07 14:00:00,Ubicacion 2,19.071832972259998,66.59883081262474,91.54076488518005
2024-01-07 15:00:00,Ubicacion 1,15.691669954551381,59.26976741731571,14.658373615105669
2024-01-07 16:00:00,Ubicacion 1,21.974287731445635,59.101879653261186,91.91710007237997
2024-01-07 17:00:00,Ubicacion 3,19.53542682678069,41.59653798367822,41.16264595084367
2024-01-07 18:00:00,Ubicacion 1,22.22055599470348,53.10837697267361,30.526700989728905
2024-01-07 19:00:00,Ubicacion 3,23.663823259286293,61.167177332073365,94.30622606027791
2024-01-07 20:00:00,Ubicacion 1,24.75521505002886,61.82361474172852,99.06516926063993
2024-01-07 21:00:00,Ubicacion 2,23.558033423926112,43.78121843017249,19.889221776744815
2024-01-07 22:00:00,Ubicacion 1,15.11714084185002,60.834910262745915,65.68383469519833
2024-01-07 23:00:00,Ubicacion 3,18.59978064478364,59.435755872309315,10.649531377106037
2024-01-08 00:00:00,Ubicacion 3,22.29990562424058,35.66025942487601,65.09140038575057
2024-01-08 01:00:00,Ubicacion 3,16.716296772614406,64.63781874265909,82.73132277758496
2024-01-08 02:00:00,Ubicacion 2,20.21036606204129,47.65285880721643,68.44985465240676
2024-01-08 03:00:00,Ubicacion 1,15.543379883392536,49.45641795554662,41.73331420625958
2024-01-08 04:00:00,Ubicacion 1,16.999965248964,47.93476715591989,38.30663595637696
2024-01-08 05:00:00,Ubicacion 1,15.18521794460614,52.7138400591003,39.31224152234171
2024-01-08 06:00:00,Ubicacion 3,22.936977033574205,54.84676989468219,58.97118179929232
2024-01-08 07:00:00,Ubicacion 3,17.2392468806038,49.927182630517734,88.15672700724956
2024-01-08 08:00:00,Ubicacion 1,18.453516806969027,64.67154173036383,92.90661572687678
2024-01-08 09:00:00,Ubicacion 3,24.28081293465591,55.109390247811376,5.352962020731811
2024-01-08 10:00:00,Ubicacion 1,22.044144019235326,46.057117972220794,18.16223946456883
2024-01-08 11:00:00,Ubicacion 1,15.318389295313079,46.66767027634844,11.22243158282885
2024-01-08 12:00:00,Ubicacion 3,16.646941564979127,62.433544605158055,19.3334640766914
2024-01-08 13:00:00,Ubicacion 1,21.214784014997633,43.9276777098608,34.66078106091718
2024-01-08 14:00:00,Ubicacion 3,20.772285886041676,38.458191831296546,50.65316826226238
2024-01-08 15:00:00,Ubicacion 1,17.378928213745088,32.37532752023157,62.94612270091522
2024-01-08 16:00:00,Ubicacion 3,24.34213997924794,65.04107391682297,73.21422191397015
2024-01-08 17:00:00,Ubicacion 3,21.13965955965896,66.74185804761399,89.01115413858071
2024-01-08 18:00:00,Ubicacion 3,20.356328030249582,34.80480728653904,98.90884372297907
2024-01-08 19:00:00,Ubicacion 1,20.89909976354571,43.378949659844594,66.28564785571199
2024-01-08 20:00:00,Ubicacion 1,22.301220295167695,37.01488278060975,84.5364518667763
2024-01-08 21:00:00,Ubicacion 2,18.119449954796018,34.63593875303519,77.8038846924699
2024-01-08 22:00:00,Ubicacion 1,18.98221062216092,65.99466972000121,30.753203921871197
2024-01-08 23:00:00,Ubicacion 1,17.09843748975122,32.27509036581422,87.5692270234923
2024-01-09 00:00:00,Ubicacion 1,16.861930058803363,69.21942653876027,4.276313794779885
2024-01-09 01:00:00,Ubicacion 2,24.443723899839334,33.85803442789537,0.036734375145786036
2024-01-09 02:00:00,Ubicacion 2,22.395507950492878,64.53882596774343,27.37326293884642
2024-01-09 03:00:00,Ubicacion 1,19.90458808617567,52.66024427956651,46.209752962744986
2024-01-09 04:00:00,Ubicacion 1,17.27414627973323,44.71669951271494,63.836289500067736
2024-01-09 05:00:00,Ubicacion 3,17.54356481770393,43.69369506500632,10.17702665445448
2024-01-09 06:00:00,Ubicacion 1,15.580291603238756,60.29456572950835,67.301013383484
2024-01-09 07:00:00,Ubicacion 3,19.344166255581207,42.58293180017149,80.18158670596945
2024-01-09 08:00:00,Ubicacion 1,18.117958819941027,56.29275666468567,18.53129195793668
2024-01-09 09:00:00,Ubicacion 3,21.963434888154595,50.6930433406432,41.51252548317939
2024-01-09 10:00:00,Ubicacion 2,18.777518392924808,49.39862580632282,51.998498995330976
2024-01-09 11:00:00,Ubicacion 2,16.79603677559635,66.04648682596647,45.18070180844806
2024-01-09 12:00:00,Ubicacion 1,15.246787283913312,52.185802344810384,79.98299308884707
2024-01-09 13:00:00,Ubicacion 2,15.672496314632486,63.0744641219478,96.05223981193308
2024-01-09 14:00:00,Ubicacion 2,21.793927734985672,59.02294136405958,79.89531640081799
2024-01-09 15:00:00,Ubicacion 3,19.536968445560454,31.542289842359935,7.799281787582457
2024-01-09 16:00:00,Ubicacion 2,20.365792111087224,60.92440210021677,80.49355721591272
2024-01-09 17:00:00,Ubicacion 1,23.96671293040342,38.674810003641625,6.659633223555117
2024-01-09 18:00:00,Ubicacion 1,24.903389473967046,66.12598587406286,23.597038524157
2024-01-09 19:00:00,Ubicacion 2,17.16896984398474,31.71696762435328,15.30968968357228
2024-01-09 20:00:00,Ubicacion 1,21.630782031001008,43.32288137897275,19.751910684608543
2024-01-09 21:00:00,Ubicacion 2,17.633223767371508,33.98931788939016,52.831512705735065
2024-01-09 22:00:00,Ubicacion 1,15.206509994657287,49.02356468339375,67.16898576108537
2024-01-09 23:00:00,Ubicacion 3,22.583786538361416,62.80089743479007,47.0321282336041
2024-01-10 00:00:00,Ubicacion 2,18.200171508224678,41.92749438652257,95.96956390292436
2024-01-10 01:00:00,Ubicacion 1,18.83463894171898,36.037395892441666,24.029232003016666
2024-01-10 02:00:00,Ubicacion 3,20.883171135536056,43.21068142787597,76.31402302547929
2024-01-10 03:00:00,Ubicacion 2,23.310484552361906,62.55520567682544,87.01821785071485
2024-01-10 04:00:00,Ubicacion 1,21.289818435911485,35.61535831197388,56.20661107547191
2024-01-10 05:00:00,Ubicacion 2,23.726506554473954,39.09449796310007,45.62225019615531
2024-01-10 06:00:00,Ubicacion 3,17.735420348156357,32.75407857973496,59.618444677924366
2024-01-10 07:00:00,Ubicacion 2,22.980468339125636,58.22840175958431,42.880977016034294
2024-01-10 08:00:00,Ubicacion 3,16.85635944305952,45.809329741453475,55.519388232336944
2024-01-10 09:00:00,Ubicacion 3,24.527916569719444,42.43359908573264,41.693395212880155
2024-01-10 10:00:00,Ubicacion 1,21.874882763878155,58.74505561364607,40.046971029413406
2024-01-10 11:00:00,Ubicacion 3,17.155076771135583,43.43910169361021,69.53464681395299
2024-01-10 12:00:00,Ubicacion 3,24.473705904889243,59.110850928576724,9.285121306796796
2024-01-10 13:00:00,Ubicacion 1,22.30855806770158,62.60797581257254,16.654207272882083
2024-01-10 14:00:00,Ubicacion 3,17.539416425950257,38.70651373830954,85.1198471715004
2024-01-10 15:00:00,Ubicacion 1,17.13311977367482,68.95274787383934,77.1077346815188
2024-01-10 16:00:00,Ubicacion 1,20.182007139306634,36.494317916506674,28.145372729439377
2024-01-10 17:00:00,Ubicacion 3,15.256627180545316,41.633636266269704,37.72689326657602
2024-01-10 18:00:00,Ubicacion 2,17.074700754411094,37.191811633341665,92.60265066284805
2024-01-10 19:00:00,Ubicacion 3,19.24685468751506,43.82022625425338,81.80772251738613
2024-01-10 20:00:00,Ubicacion 2,18.741699803342257,49.20243551283022,61.434629997963086
2024-01-10 21:00:00,Ubicacion 3,19.63575424364811,50.88703476008476,22.149017880295773
2024-01-10 22:00:00,Ubicacion 1,17.77628706294732,64.14424169185088,4.425197131526959
2024-01-10 23:00:00,Ubicacion 3,20.86784346458169,65.57791635263466,43.12578468418982
2024-01-11 00:00:00,Ubicacion 1,23.638556059232315,38.804154431236256,67.26271392574618
2024-01-11 01:00:00,Ubicacion 2,16.17531855962033,54.9157612874301,82.84804905178515
2024-01-11 02:00:00,Ubicacion 3,20.173791071541142,34.459842291948625,85.26890057422693
2024-01-11 03:00:00,Ubicacion 2,16.320681063451534,48.35879440728273,3.2775901293363385
2024-01-11 04:00:00,Ubicacion 3,22.168596811925937,42.89334152186473,24.415703383687937
2024-01-11 05:00:00,Ubicacion 1,18.96059702807294,42.66002981814425,33.909458847740304
2024-01-11 06:00:00,Ubicacion 1,20.65421311858509,49.30336966848404,18.873221095938586
2024-01-11 07:00:00,Ubicacion 3,16.832798362140785,59.1931054211707,80.29753783638378
2024-01-11 08:00:00,Ubicacion 2,16.448477593433772,32.76730635169558,76.74657630849426
2024-01-11 09:00:00,Ubicacion 3,19.880562806489547,65.16693350749618,51.68330403809708
2024-01-11 10:00:00,Ubicacion 3,18.556127378499557,59.39255098522244,98.29264779958555
2024-01-11 11:00:00,Ubicacion 3,24.404319452528128,37.0599755555624,14.405854109084226
2024-01-11 12:00:00,Ubicacion 2,22.65325253806965,67.56643636349482,89.96517033276689
2024-01-11 13:00:00,Ubicacion 3,22.486636198505472,50.252488960935544,11.646325416191615
2024-01-11 14:00:00,Ubicacion 1,24.037197397459334,69.99234312467861,16.31817055141207
2024-01-11 15:00:00,Ubicacion 3,15.834224354420186,37.89037897202951,69.62192002506188
2024-01-11 16:00:00,Ubicacion 3,20.521924699224066,51.39632793532805,10.956969204168931
2024-01-11 17:00:00,Ubicacion 1,20.84476068955769,41.60992170239714,56.584509541871086
2024-01-11 18:00:00,Ubicacion 3,24.619363785472288,42.16694229556986,42.02335364726536
2024-01-11 19:00:00,Ubicacion 2,17.921475267925487,53.64261523335961,72.84739655410148
2024-01-11 20:00:00,Ubicacion 3,17.40828779915447,66.86876267483333,90.06752388088651
2024-01-11 21:00:00,Ubicacion 2,16.00293942265498,62.210554223167,76.98715146690553
2024-01-11 22:00:00,Ubicacion 3,15.164296295914742,58.95765594005304,84.96898764211883
2024-01-11 23:00:00,Ubicacion 3,24.295293167921905,52.36695128406809,3.294544853123238
2024-01-12 00:00:00,Ubicacion 3,21.6991654659091,66.8919401466979,31.019549824420313
2024-01-12 01:00:00,Ubicacion 2,22.851529120231376,49.69445626763537,51.54330866863324
2024-01-12 02:00:00,Ubicacion 1,17.817301057539492,64.95328713338873,41.595331462977946
2024-01-12 03:00:00,Ubicacion 3,20.864101661863266,63.35926575506527,23.125495297968847
2024-01-12 04:00:00,Ubicacion 3,15.63955266120981,38.55341387206346,30.78740979600233
2024-01-12 05:00:00,Ubicacion 3,19.856275959346227,60.84901851863641,94.54309703916057
2024-01-12 06:00:00,Ubicacion 1,24.774951397444468,30.48684627773035,29.418087987135156
2024-01-12 07:00:00,Ubicacion 3,23.765052453165907,42.9131815019235,35.39041101797857
2024-01-12 08:00:00,Ubicacion 2,18.381589518368457,39.182697787677995,0.37097737500186856
2024-01-12 09:00:00,Ubicacion 1,24.615701545414986,50.27451833949254,84.50776272778745
2024-01-12 10:00:00,Ubicacion 2,17.317016264712045,59.47412646723142,15.484070340157663
2024-01-12 11:00:00,Ubicacion 2,24.493188224156814,33.90705469790896,20.414427551372604
2024-01-12 12:00:00,Ubicacion 1,24.413777047064986,50.59688807747074,25.526451709202558
2024-01-12 13:00:00,Ubicacion 1,22.992025873523918,67.53648086777542,88.46220568448426
2024-01-12 14:00:00,Ubicacion 3,21.304479368667913,39.14586203931782,20.645141124631472
2024-01-12 15:00:00,Ubicacion 1,23.742879666249472,57.08564576445696,79.752636086794
2024-01-12 16:00:00,Ubicacion 2,17.930202845077968,53.7152108312463,80.80493403229045
2024-01-12 17:00:00,Ubicacion 3,23.489435553129184,30.402547826243733,92.70205687863958
2024-01-12 18:00:00,Ubicacion 1,21.17876691917524,49.03304783428891,11.556131360031397
2024-01-12 19:00:00,Ubicacion 2,15.132368577588995,58.350815637641944,21.727897233783132
2024-01-12 20:00:00,Ubicacion 1,18.472335179322194,31.759017280963626,74.28982920807213
2024-01-12 21:00:00,Ubicacion 3,16.48140860948165,65.1808593209492,19.600075428073904
2024-01-12 22:00:00,Ubicacion 2,24.81829389818253,50.80325666542692,28.632954687344903
2024-01-12 23:00:00,Ubicacion 1,19.78370307039988,31.226441933028717,16.674158011136264
2024-01-13 00:00:00,Ubicacion 3,19.973913654986628,38.97654447683361,17.26966861550493
2024-01-13 01:00:00,Ubicacion 1,21.394725163987236,68.14702785709252,48.15533546282057
2024-01-13 02:00:00,Ubicacion 3,18.685846061296175,53.292789322082214,10.968306211295854
2024-01-13 03:00:00,Ubicacion 2,16.369002716855988,34.29890271075218,32.16976184636222
2024-01-13 04:00:00,Ubicacion 2,23.221177331942457,41.50178009122246,42.6593909598879
2024-01-13 05:00:00,Ubicacion 1,16.89847911902758,48.26814503441937,2.4548116523977592
2024-01-13 06:00:00,Ubicacion 2,20.11318982546456,30.838002770709217,38.83331664744526
2024-01-13 07:00:00,Ubicacion 1,17.243170289747393,46.46462054455036,9.412243608551696
2024-01-13 08:00:00,Ubicacion 1,15.978444844940341,49.57834541738792,49.35785311461767
2024-01-13 09:00:00,Ubicacion 2,23.62191517421683,39.74711501124929,82.57381885570963
2024-01-13 10:00:00,Ubicacion 1,24.729194890231305,53.54556001167946,81.84221621817872
2024-01-13 11:00:00,Ubicacion 1,24.608346580630002,60.12960478368707,8.04485155374005
2024-01-13 12:00:00,Ubicacion 2,24.065554992211787,39.43336896422542,60.12277576745202
2024-01-13 13:00:00,Ubicacion 3,22.74047332698639,54.81999601119951,83.45863819712365
2024-01-13 14:00:00,Ubicacion 1,18.331451520286418,55.58488971854966,23.79725429346353
2024-01-13 15:00:00,Ubicacion 1,15.811013899879967,67.94161204515365,76.19265114495991
2024-01-13 16:00:00,Ubicacion 1,19.072411714138074,61.13104669185775,89.07643464500933
2024-01-13 17:00:00,Ubicacion 2,17.322341421709428,63.93381079160024,80.61241514404442
2024-01-13 18:00:00,Ubicacion 3,16.32487634757983,49.61679633745101,10.730103151550452
2024-01-13 19:00:00,Ubicacion 2,15.534271817868252,37.413943479175316,0.9059999522384898
2024-01-13 20:00:00,Ubicacion 2,22.255943642105787,69.83261171838541,19.172410992184563
2024-01-13 21:00:00,Ubicacion 2,15.11427458625031,35.174230441547984,27.047734094662324
2024-01-13 22:00:00,Ubicacion 3,22.705807485027762,48.858292774170614,61.61829906159595
2024-01-13 23:00:00,Ubicacion 2,16.46946645400375,32.723723969684265,38.42731752423184
2024-01-14 00:00:00,Ubicacion 2,15.795220825867558,67.75403429403278,70.34070306614734
2024-01-14 01:00:00,Ubicacion 2,15.896030342386053,68.59699763393758,35.30749605216086
2024-01-14 02:00:00,Ubicacion 3,21.720478073539145,58.77556248015894,15.44254246546003
2024-01-14 03:00:00,Ubicacion 3,17.453672098528447,43.999713745206755,31.268984348603514
2024-01-14 04:00:00,Ubicacion 3,19.205394666800984,40.17529604470497,88.4324226389135
2024-01-14 05:00:00,Ubicacion 3,20.57368791323917,40.61213298148189,95.85323442450648
2024-01-14 06:00:00,Ubicacion 2,23.605511738287937,35.09176101680299,20.751273406736846
2024-01-14 07:00:00,Ubicacion 3,22.270442627113283,51.03235812306892,78.84683870244413
2024-01-14 08:00:00,Ubicacion 1,17.703279052387145,35.6726910280591,27.334873653987067
2024-01-14 09:00:00,Ubicacion 2,16.314827992911276,42.66922666213825,88.71315434314076
2024-01-14 10:00:00,Ubicacion 1,15.55374320421198,55.0682590383642,16.554561279625545
2024-01-14 11:00:00,Ubicacion 3,18.015986344809424,59.10174438362999,66.5959918694057
2024-01-14 12:00:00,Ubicacion 1,17.621181492396783,30.970908184882447,8.421126471318253
2024-01-14 13:00:00,Ubicacion 2,19.561405668004795,47.2046393750696,97.38933239738695
2024-01-14 14:00:00,Ubicacion 2,21.832813355476805,56.08498379368556,70.06333446405428
2024-01-14 15:00:00,Ubicacion 2,21.95625445638857,64.12983904634052,84.18157394050853
2024-01-14 16:00:00,Ubicacion 1,17.835188465821666,49.01299128848329,56.66693393630345
2024-01-14 17:00:00,Ubicacion 2,18.799269559001203,68.76823486870741,47.68013639288602
2024-01-14 18:00:00,Ubicacion 2,16.81150961736903,40.62530190165789,62.188239139436504
2024-01-14 19:00:00,Ubicacion 1,22.885455123065185,30.540348265068754,52.8741511699448
2024-01-14 20:00:00,Ubicacion 3,15.568480764332403,49.350114588069445,46.9384355145153
2024-01-14 21:00:00,Ubicacion 2,21.969972417249874,40.24455180080072,75.94502514576428
2024-01-14 22:00:00,Ubicacion 3,22.786953959411033,62.94870688092678,17.820095493926814
2024-01-14 23:00:00,Ubicacion 3,22.77407561848753,39.310906887244485,17.11720481551585
2024-01-15 00:00:00,Ubicacion 2,17.594225643453548,42.42516873165225,43.18426506497062
2024-01-15 01:00:00,Ubicacion 1,18.738131379325615,61.64909724076449,32.0747916044946
2024-01-15 02:00:00,Ubicacion 3,20.87599635196389,58.6057300810144,7.41245179130241
2024-01-15 03:00:00,Ubicacion 1,17.72821902424467,52.3220494662905,84.44704924187344
2024-01-15 04:00:00,Ubicacion 2,18.708527992178887,58.19792247691038,77.16028066943498
2024-01-15 05:00:00,Ubicacion 2,16.970542801856396,46.74547454280106,54.39214998029848
2024-01-15 06:00:00,Ubicacion 2,19.598558837560073,30.212401904586713,97.93245372643689
2024-01-15 07:00:00,Ubicacion 2,15.446123012541142,30.4542051404877,7.260006654760531
2024-01-15 08:00:00,Ubicacion 2,22.99795884570618,50.44887150294747,76.6669301027875
2024-01-15 09:00:00,Ubicacion 2,15.769564469866328,33.33163918875997,26.63703916090968
2024-01-15 10:00:00,Ubicacion 1,20.18835148831526,32.04301920677027,36.85989199435754
2024-01-15 11:00:00,Ubicacion 2,18.06810099545196,68.62066556549894,21.927938520306757
2024-01-15 12:00:00,Ubicacion 3,20.775429488313755,64.36010558632233,78.90378914618653
2024-01-15 13:00:00,Ubicacion 3,24.59433340833425,36.08108908838278,14.424010202156602
2024-01-15 14:00:00,Ubicacion 2,21.45570244456004,30.02656874360818,84.0016697735278
2024-01-15 15:00:00,Ubicacion 1,15.35362435755491,67.66671181559025,66.1577648229834
2024-01-15 16:00:00,Ubicacion 2,19.30402439508061,41.13301193280457,5.902324526911473
2024-01-15 17:00:00,Ubicacion 2,20.100168523182504,37.4359041142199,81.09817316001534
2024-01-15 18:00:00,Ubicacion 2,20.36177494703452,57.66032431326141,62.775571616297945
2024-01-15 19:00:00,Ubicacion 2,21.81392510603838,34.35614955365305,90.49823195783415
2024-01-15 20:00:00,Ubicacion 1,17.77596097731766,40.585983920112014,74.87223064086382
2024-01-15 21:00:00,Ubicacion 3,16.2886056546632,69.00378720848187,56.11209274297748
2024-01-15 22:00:00,Ubicacion 3,18.926756765470945,55.57851097896041,83.65471806191978
2024-01-15 23:00:00,Ubicacion 3,24.564057227959488,50.82711165930214,27.80502383012221
2024-01-16 00:00:00,Ubicacion 3,16.871308917508447,45.91674459339751,54.69500618445636
2024-01-16 01:00:00,Ubicacion 3,24.03983954928237,60.98003819536808,29.361681980341015
2024-01-16 02:00:00,Ubicacion 3,20.438059500773264,35.63829906094775,96.82043910905087
2024-01-16 03:00:00,Ubicacion 1,19.569114216457656,68.69351208147928,22.619630084200637
2024-01-16 04:00:00,Ubicacion 2,23.820414102298898,64.44492032263148,1.5738239670462506
2024-01-16 05:00:00,Ubicacion 1,19.58603961768586,54.70627930276973,32.585484200379625
2024-01-16 06:00:00,Ubicacion 1,22.241676366115435,31.716247616102326,50.25093969698047
2024-01-16 07:00:00,Ubicacion 1,18.990253217031018,58.03422597790951,2.8362934230075076
2024-01-16 08:00:00,Ubicacion 1,24.040443929009577,66.53137363541924,55.92483000339074
2024-01-16 09:00:00,Ubicacion 1,21.90025020191227,50.983082699145044,87.42827749512301
2024-01-16 10:00:00,Ubicacion 1,21.996220542505167,44.16899287309051,70.47321944166701
2024-01-16 11:00:00,Ubicacion 2,18.27720401557119,34.811093799178785,62.29683229783043
2024-01-16 12:00:00,Ubicacion 1,22.567786427368894,60.19604416550273,95.59617507082513
2024-01-16 13:00:00,Ubicacion 1,21.360610554471414,65.40087404847225,95.82793338421058
2024-01-16 14:00:00,Ubicacion 3,17.400202733797094,34.01006976303394,82.42664697032286
2024-01-16 15:00:00,Ubicacion 3,16.605388224852565,60.359382190093676,60.7741847385851
2024-01-16 16:00:00,Ubicacion 2,22.96391474517332,30.682419450363902,48.77645594977067
2024-01-16 17:00:00,Ubicacion 1,24.591666030352226,68.68219672308878,1.331611324646731
2024-01-16 18:00:00,Ubicacion 3,19.581388272600428,54.60232082540385,60.62619062265414
2024-01-16 19:00:00,Ubicacion 1,20.90984165323685,52.097562359665325,98.90880753568537
2024-01-16 20:00:00,Ubicacion 3,23.577226441935544,41.837993343557116,81.8101050024029
2024-01-16 21:00:00,Ubicacion 3,19.57223453353857,67.17166686279134,34.06046438843519
2024-01-16 22:00:00,Ubicacion 3,24.518744768327362,40.63622509347164,15.204702504442203
2024-01-16 23:00:00,Ubicacion 3,20.757511620448724,63.1258645286678,78.4058614467154
2024-01-17 00:00:00,Ubicacion 1,23.20767120701315,69.40434717348528,74.39378206317416
2024-01-17 01:00:00,Ubicacion 2,24.088437184127386,61.33586582059223,96.70467919793231
2024-01-17 02:00:00,Ubicacion 3,23.15523818768569,50.75959681545727,87.48423619393388
2024-01-17 03:00:00,Ubicacion 3,16.59414463448956,32.64297055406688,55.56626252724074
2024-01-17 04:00:00,Ubicacion 2,21.288984390617003,48.896551566842916,10.128424696474214
2024-01-17 05:00:00,Ubicacion 1,18.98434258619677,47.53023787886814,48.350065838396006
2024-01-17 06:00:00,Ubicacion 3,15.627129520233456,38.11184164747981,31.369505402231702
2024-01-17 07:00:00,Ubicacion 2,19.24032251889842,46.94350546857218,51.24084820248398
2024-01-17 08:00:00,Ubicacion 1,17.586840668894077,44.31031536321355,30.170157463965317
2024-01-17 09:00:00,Ubicacion 1,23.490383084285106,36.54737044606594,86.18229919755957
2024-01-17 10:00:00,Ubicacion 1,15.333046265466962,47.65496573329945,84.43270139828222
2024-01-17 11:00:00,Ubicacion 1,24.589827218634735,40.511998252979566,31.546515716705592
2024-01-17 12:00:00,Ubicacion 1,18.553688484719295,50.88249682729057,59.958134637399496
2024-01-17 13:00:00,Ubicacion 3,18.56706890402543,31.406402388647766,43.01808576390541
2024-01-17 14:00:00,Ubicacion 3,15.163285026837078,66.24925679149138,90.90927570285632
2024-01-17 15:00:00,Ubicacion 1,16.85232325236184,62.65457222079424,18.73609014263228
2024-01-17 16:00:00,Ubicacion 2,19.012595008036087,52.10325330042018,69.77284017849593
2024-01-17 17:00:00,Ubicacion 1,24.29291417302714,64.07234331028972,97.03753278372166
2024-01-17 18:00:00,Ubicacion 3,15.996149302212713,68.49580295243202,17.52755195630902
2024-01-17 19:00:00,Ubicacion 2,24.453015334790795,34.42089176210642,20.19664284242032
2024-01-17 20:00:00,Ubicacion 3,23.69488530546632,55.23327233639215,69.37233386722279
2024-01-17 21:00:00,Ubicacion 3,19.541623969075516,69.91976003742634,77.91539245249139
2024-01-17 22:00:00,Ubicacion 2,18.2670088176826,69.51556677334105,49.05490547939328
2024-01-17 23:00:00,Ubicacion 1,17.327441292790567,54.13291969162978,60.968646514712134
2024-01-18 00:00:00,Ubicacion 1,21.144647064768744,35.12083481803267,21.268240881182876
2024-01-18 01:00:00,Ubicacion 3,15.330745914755056,53.32771323962113,47.66142285673261
2024-01-18 02:00:00,Ubicacion 2,15.156060644468281,30.08258542297687,11.207188087491515
2024-01-18 03:00:00,Ubicacion 2,19.287957224982378,37.95645338667438,32.14219252756647
2024-01-18 04:00:00,Ubicacion 3,15.680740739747202,68.2449263823984,28.477970503095428
2024-01-18 05:00:00,Ubicacion 2,17.519409882460927,43.21762290411375,44.462536010242005
2024-01-18 06:00:00,Ubicacion 3,17.211609153460838,55.53560423107794,93.0126362243697
2024-01-18 07:00:00,Ubicacion 2,17.531911937228518,41.234379785289704,18.12676621478424
2024-01-18 08:00:00,Ubicacion 1,16.310552312152577,67.91287548446358,40.13882466247205
2024-01-18 09:00:00,Ubicacion 3,15.120362228976543,59.14234919797947,61.55972191096447
2024-01-18 10:00:00,Ubicacion 2,16.15484297138748,43.186046303256504,94.65570860740017
2024-01-18 11:00:00,Ubicacion 2,21.18480259512748,61.67045684721484,13.314819153576817
2024-01-18 12:00:00,Ubicacion 2,24.742562128180502,34.32662097905351,91.78766169931136
2024-01-18 13:00:00,Ubicacion 3,24.90345001560894,45.69275760261838,8.105378863406154
2024-01-18 14:00:00,Ubicacion 2,19.090540953730617,38.8487251092637,48.074139716026444
2024-01-18 15:00:00,Ubicacion 2,16.629544260466055,57.34905789104185,45.45898672304828
2024-01-18 16:00:00,Ubicacion 2,21.387617573665292,34.097851270877214,20.960272887719555
2024-01-18 17:00:00,Ubicacion 3,19.90305346548737,45.88103329130696,34.74596681158475
2024-01-18 18:00:00,Ubicacion 3,24.894097772844315,41.06598920836758,45.41652683483981
2024-01-18 19:00:00,Ubicacion 1,15.653042071517802,50.25371677295217,86.52114629106292
2024-01-18 20:00:00,Ubicacion 3,22.832344383138132,43.99590722015516,95.50641453735598
2024-01-18 21:00:00,Ubicacion 3,17.883984973314938,58.256423106680444,51.89256786371652
2024-01-18 22:00:00,Ubicacion 3,17.41418620076574,30.983080972278643,87.00997902944219
2024-01-18 23:00:00,Ubicacion 1,21.62504571532676,55.3594768522363,60.81715856767794
2024-01-19 00:00:00,Ubicacion 1,17.460631849909646,39.2228515877528,34.90873419876755
2024-01-19 01:00:00,Ubicacion 2,21.658591175591877,40.74836115027397,19.419420761346906
2024-01-19 02:00:00,Ubicacion 3,20.173085172022887,62.01022414334094,41.31347717827648
2024-01-19 03:00:00,Ubicacion 2,19.240889884358495,68.22273575921683,52.28242829238477
2024-01-19 04:00:00,Ubicacion 2,20.54687808661419,42.66200840108347,4.444338825955619
2024-01-19 05:00:00,Ubicacion 2,17.870515199196298,63.072210814763025,14.584116587085072
2024-01-19 06:00:00,Ubicacion 3,22.06574706272979,34.159633518849326,60.018442398144
2024-01-19 07:00:00,Ubicacion 3,19.14856869333564,55.35926612029533,22.50015946771621
2024-01-19 08:00:00,Ubicacion 1,18.60545560485892,60.04129198139675,83.73263760812975
2024-01-19 09:00:00,Ubicacion 1,23.28656914555738,36.239117121378264,32.69422497741906
2024-01-19 10:00:00,Ubicacion 2,24.249669119531923,47.04009550678242,10.483420725325088
2024-01-19 11:00:00,Ubicacion 2,15.460073108872969,65.70828656995926,8.353058855531703
2024-01-19 12:00:00,Ubicacion 3,17.326269928297656,34.14313853793489,93.71230205317796
2024-01-19 13:00:00,Ubicacion 1,18.485193694925634,30.723854328059005,11.802031124187916
2024-01-19 14:00:00,Ubicacion 2,23.149664793702474,53.62341516191735,14.090976416206002
2024-01-19 15:00:00,Ubicacion 2,24.854914276432975,47.421261621237335,86.2666057932753
2024-01-19 16:00:00,Ubicacion 1,24.689717046703517,61.94756995535611,25.4288130277344
2024-01-19 17:00:00,Ubicacion 3,24.04948345549927,66.93822152816426,66.59514107544162
2024-01-19 18:00:00,Ubicacion 2,17.965562650640297,41.966145781752644,81.67256870298914
2024-01-19 19:00:00,Ubicacion 3,24.92011243414474,45.53616468676421,60.718064013019216
2024-01-19 20:00:00,Ubicacion 2,17.494200410564513,49.450883453172594,95.74885434478495
2024-01-19 21:00:00,Ubicacion 3,16.05906154882232,53.526058417411974,70.88828992608414
2024-01-19 22:00:00,Ubicacion 2,24.509526110553942,69.35415318726467,11.275150990365834
2024-01-19 23:00:00,Ubicacion 2,17.334202554680964,57.89321003320206,55.84100265458799
2024-01-20 00:00:00,Ubicacion 2,21.897682650777504,45.581940293822754,71.81865260891838
2024-01-20 01:00:00,Ubicacion 3,15.583563589805888,40.550707458018486,80.19572403734452
2024-01-20 02:00:00,Ubicacion 1,22.307090991274762,67.78502873688495,2.632133528409153
2024-01-20 03:00:00,Ubicacion 3,23.817202123338397,35.421937324340256,71.88789152714244
2024-01-20 04:00:00,Ubicacion 3,17.724368954659624,58.81063410019032,82.56808210194495
2024-01-20 05:00:00,Ubicacion 3,18.790568960774287,67.01580101169762,74.68338109353564
2024-01-20 06:00:00,Ubicacion 2,18.74296183320916,56.58662346137754,51.234914565559805
2024-01-20 07:00:00,Ubicacion 2,22.48788257540133,46.922177606644844,45.802096308880294
2024-01-20 08:00:00,Ubicacion 3,17.37807242539039,37.95963759701936,54.941858329981585
2024-01-20 09:00:00,Ubicacion 3,16.71853099047643,44.699012890077086,70.46436988266021
2024-01-20 10:00:00,Ubicacion 2,19.49291648687738,58.27487237680488,92.29142906324854
2024-01-20 11:00:00,Ubicacion 1,18.044684073773194,55.981368967011875,61.7035210641125
2024-01-20 12:00:00,Ubicacion 2,23.391891222586523,67.11904666393431,88.78343062834696
2024-01-20 13:00:00,Ubicacion 2,17.37741826015639,64.674436546375,70.12568474457274
2024-01-20 14:00:00,Ubicacion 3,20.023894574892616,62.64603009065473,6.833637743884758
2024-01-20 15:00:00,Ubicacion 3,24.425835996979302,66.45803501403049,50.08281900016218
2024-01-20 16:00:00,Ubicacion 2,21.339976977446607,41.05348610948198,28.648634831524234
2024-01-20 17:00:00,Ubicacion 3,23.67289405462465,44.78094160558598,28.517492813257228
2024-01-20 18:00:00,Ubicacion 2,24.40209689354767,45.1957561514407,35.592755121598415
2024-01-20 19:00:00,Ubicacion 1,22.50764861886352,52.41802354839121,31.473277200047576
2024-01-20 20:00:00,Ubicacion 3,21.99575060224751,56.72872918171084,57.860998011710016
2024-01-20 21:00:00,Ubicacion 1,24.679655666042272,41.46866732161577,68.3601500353557
2024-01-20 22:00:00,Ubicacion 2,24.944007896476794,30.778498692372015,26.874938707673547
2024-01-20 23:00:00,Ubicacion 1,19.518216826697596,45.96889534631637,12.976262256838133
2024-01-21 00:00:00,Ubicacion 3,15.708697781842083,42.34111838217602,5.88087209344621
2024-01-21 01:00:00,Ubicacion 1,17.927940314405188,67.68738876072192,57.57528450305522
2024-01-21 02:00:00,Ubicacion 3,16.523547056877305,65.53060162176175,18.61301663330024
2024-01-21 03:00:00,Ubicacion 1,19.174863747960117,64.41242713373678,0.9247994223699374
2024-01-21 04:00:00,Ubicacion 3,16.31289328473256,56.11999043780972,92.77530793237041
2024-01-21 05:00:00,Ubicacion 2,21.04117804020882,43.77156658795755,53.71404190832406
2024-01-21 06:00:00,Ubicacion 1,18.82808059157854,51.95397069597219,9.244818024697278
2024-01-21 07:00:00,Ubicacion 1,23.9538588428821,62.60900162865491,84.29211121274854
2024-01-21 08:00:00,Ubicacion 1,24.67794671798502,33.94441474891244,98.32027382901181
2024-01-21 09:00:00,Ubicacion 3,20.46884901669422,62.04299521021219,44.86006620177172
2024-01-21 10:00:00,Ubicacion 1,17.748235698675966,31.647191653124867,4.248960823815818
2024-01-21 11:00:00,Ubicacion 1,20.922304187618366,62.65684124857423,11.75459407560635
2024-01-21 12:00:00,Ubicacion 3,23.967611582244096,62.30255216639494,38.165374664543215
2024-01-21 13:00:00,Ubicacion 3,19.06733345835748,32.040292353150235,88.55226374488771
2024-01-21 14:00:00,Ubicacion 1,20.52078276691971,55.08642845847433,14.803867927776205
2024-01-21 15:00:00,Ubicacion 1,17.71652767606146,50.09812297251589,82.39900940026955
2024-01-21 16:00:00,Ubicacion 3,19.55444149450027,36.792780126868585,1.4976260219019433
2024-01-21 17:00:00,Ubicacion 1,19.017135353795986,35.93515750709503,45.7388698785811
2024-01-21 18:00:00,Ubicacion 1,17.48413465082971,60.930365042680926,64.43971409505681
2024-01-21 19:00:00,Ubicacion 2,20.058663838253082,52.70770995347377,6.03794820255964
2024-01-21 20:00:00,Ubicacion 2,18.103808259798114,69.3199653966613,61.476275061648664
2024-01-21 21:00:00,Ubicacion 1,18.730348638807474,69.28991109153377,94.44041214695561
2024-01-21 22:00:00,Ubicacion 2,20.249704422542642,69.70667973857066,16.025992013659508
2024-01-21 23:00:00,Ubicacion 2,22.505950229289873,34.74462073463064,72.96113830353528
2024-01-22 00:00:00,Ubicacion 3,18.335074657912752,67.5302454785585,60.90938979435434
2024-01-22 01:00:00,Ubicacion 1,24.241587666207636,39.78278436082251,18.511638887923056
2024-01-22 02:00:00,Ubicacion 1,23.623185468359026,48.328490390344484,0.6203414709366029
2024-01-22 03:00:00,Ubicacion 2,15.486902959755286,60.29626223286904,0.9284450505927078
2024-01-22 04:00:00,Ubicacion 2,17.536425242568228,38.14483728308928,53.20924091720286
2024-01-22 05:00:00,Ubicacion 1,19.461355126592018,52.652464222173194,94.27794095611935
2024-01-22 06:00:00,Ubicacion 3,16.04627888742474,37.432669929039825,64.42986274656124
2024-01-22 07:00:00,Ubicacion 1,18.48475989033497,34.18944426725173,71.42998462937436
2024-01-22 08:00:00,Ubicacion 3,22.400975256176825,34.66234449718394,49.38654869205371
2024-01-22 09:00:00,Ubicacion 1,21.805144811428256,44.305561393928755,58.18889426345698
2024-01-22 10:00:00,Ubicacion 1,21.22384428566005,30.18619347348734,12.636752533060347
2024-01-22 11:00:00,Ubicacion 3,22.105284027223455,46.99415684806758,87.68206204006307
2024-01-22 12:00:00,Ubicacion 3,17.049236869597017,56.56788420324596,76.07926286668018
2024-01-22 13:00:00,Ubicacion 3,18.41698114864732,46.06752740015955,99.81989528446096
2024-01-22 14:00:00,Ubicacion 3,21.762424822774626,33.4317840207934,29.772294755562136
2024-01-22 15:00:00,Ubicacion 3,23.792347630313273,32.50755448094562,22.701777179605788
2024-01-22 16:00:00,Ubicacion 3,20.436780538280953,41.12466051059447,12.516165796134294
2024-01-22 17:00:00,Ubicacion 3,17.826996509455366,36.77250762174403,96.42097566160447
2024-01-22 18:00:00,Ubicacion 2,15.302352580059825,68.60379892871877,78.08851846280236
2024-01-22 19:00:00,Ubicacion 1,22.103368289742136,36.0492089989634,16.63246137196387
2024-01-22 20:00:00,Ubicacion 3,15.078841035084404,62.21849749619986,55.26864711082139
2024-01-22 21:00:00,Ubicacion 2,18.726790698209953,53.44431766964579,41.37682080672768
2024-01-22 22:00:00,Ubicacion 1,20.305372145627818,52.771476799371776,15.148600780619281
2024-01-22 23:00:00,Ubicacion 1,24.22111461767193,50.48322863695138,16.207298502996547
2024-01-23 00:00:00,Ubicacion 1,15.894945450329,68.87052304455804,96.34699947451857
2024-01-23 01:00:00,Ubicacion 2,19.059423219682838,44.55379100366551,30.49641829577222
2024-01-23 02:00:00,Ubicacion 2,15.243131997101578,61.51663003815505,94.14392916839432
2024-01-23 03:00:00,Ubicacion 1,18.426109843415905,52.21176429867839,7.5610673065084395
2024-01-23 04:00:00,Ubicacion 2,21.22231058839795,45.82534670502905,46.080304229319054
2024-01-23 05:00:00,Ubicacion 2,17.790679482285984,68.21863733223124,12.96190485167601
2024-01-23 06:00:00,Ubicacion 3,17.097499496556352,53.93263877458749,0.47873852411721707
2024-01-23 07:00:00,Ubicacion 2,16.157032333270937,34.75667768584054,55.37660737060766
2024-01-23 08:00:00,Ubicacion 1,20.771402440203417,46.70156803987426,11.389410481136341
2024-01-23 09:00:00,Ubicacion 1,21.95270005904686,61.26326910726431,72.20245309336796
2024-01-23 10:00:00,Ubicacion 2,21.719571405958224,57.74988092956855,69.81163757068995
2024-01-23 11:00:00,Ubicacion 2,24.488610207205074,66.65361319346297,17.633290746448914
2024-01-23 12:00:00,Ubicacion 1,15.027032138935027,40.37509536566081,94.17421432655166
2024-01-23 13:00:00,Ubicacion 1,21.47196653894036,60.327748654152956,72.10434084324896
2024-01-23 14:00:00,Ubicacion 2,21.003922370976397,48.39500829578084,29.797026415692997
2024-01-23 15:00:00,Ubicacion 2,20.887396099702883,52.94438987867262,70.92337639507906
2024-01-23 16:00:00,Ubicacion 3,24.627703198402422,68.20186724025132,73.1930277681536
2024-01-23 17:00:00,Ubicacion 1,15.168716733700396,69.17145279956709,34.22263312509606
2024-01-23 18:00:00,Ubicacion 2,21.964824307014503,64.46363855702253,37.55885624614592
2024-01-23 19:00:00,Ubicacion 2,23.136786497018633,44.363883509211846,35.91065076533001
2024-01-23 20:00:00,Ubicacion 2,20.09807196621584,65.50803342909279,61.66184435520741
2024-01-23 21:00:00,Ubicacion 1,18.33964869596809,55.54436710565652,90.04101465401794
2024-01-23 22:00:00,Ubicacion 3,22.90840163227405,47.19987121882852,17.31932362285876
2024-01-23 23:00:00,Ubicacion 2,15.972429256324247,31.42970730001935,87.51996098363183
2024-01-24 00:00:00,Ubicacion 3,19.420356377299253,60.80512496766329,2.76531565053425
2024-01-24 01:00:00,Ubicacion 1,20.199523745708383,50.08422322896452,66.03385959782224
2024-01-24 02:00:00,Ubicacion 3,21.939564109345476,61.44753997860243,41.443887318969416
2024-01-24 03:00:00,Ubicacion 3,15.908857320324095,59.920911973730796,79.12815522324938
2024-01-24 04:00:00,Ubicacion 3,17.27759501537861,61.74269472193408,72.1198112930903
2024-01-24 05:00:00,Ubicacion 1,19.103015626901257,42.026046347870675,48.0107807145184
2024-01-24 06:00:00,Ubicacion 1,21.232946730201306,62.03194396270524,64.38640367225968
2024-01-24 07:00:00,Ubicacion 2,23.869607812174173,51.95385313864669,50.177313069994526
2024-01-24 08:00:00,Ubicacion 2,21.188261682413767,48.93304801796573,81.15184706218832
2024-01-24 09:00:00,Ubicacion 2,16.334614709349346,57.005036552830276,47.6083985968232
2024-01-24 10:00:00,Ubicacion 3,24.805801327872825,30.854347317533932,52.31559899920758
2024-01-24 11:00:00,Ubicacion 3,23.71785734755493,34.09267263550377,25.052058641717856
2024-01-24 12:00:00,Ubicacion 3,20.027207611453242,41.68709460670088,60.50430168104724
2024-01-24 13:00:00,Ubicacion 1,24.22347981796633,69.31960439831359,30.290480866983504
2024-01-24 14:00:00,Ubicacion 2,20.413807937571356,35.5898311545982,57.72840145429821
2024-01-24 15:00:00,Ubicacion 1,24.233060678891633,43.22385203036841,16.967811557406986
2024-01-24 16:00:00,Ubicacion 3,23.29897368603343,32.04212258767694,15.94690923411588
2024-01-24 17:00:00,Ubicacion 2,24.682864102942972,43.25075521170905,41.702974119199354
2024-01-24 18:00:00,Ubicacion 1,24.197828107781582,42.813051460433265,42.68195151105408
2024-01-24 19:00:00,Ubicacion 2,15.360338174285694,67.87228683778088,26.810926491253905
2024-01-24 20:00:00,Ubicacion 2,16.747720041609398,63.80616347982881,13.159685036669
2024-01-24 21:00:00,Ubicacion 2,18.891346771011857,45.310568769710855,3.9210539213897055
2024-01-24 22:00:00,Ubicacion 3,24.52142697295421,30.990762321569946,2.5231827287816144
2024-01-24 23:00:00,Ubicacion 3,18.000289194759297,63.24124455981513,27.155029000647566
2024-01-25 00:00:00,Ubicacion 2,16.60467643887601,56.42144708578161,46.18534421619371
2024-01-25 01:00:00,Ubicacion 3,23.8630466608656,36.09457934605239,72.6243281306127
2024-01-25 02:00:00,Ubicacion 1,19.463944154832028,69.8428508404075,47.4871700714009
2024-01-25 03:00:00,Ubicacion 1,24.07875594354326,34.009337496964925,90.40508194352817
2024-01-25 04:00:00,Ubicacion 1,16.602304663201433,64.68458166374651,3.5219804575407077
2024-01-25 05:00:00,Ubicacion 3,21.611175115080997,41.77064656518756,18.066062154063435
2024-01-25 06:00:00,Ubicacion 2,19.402637528294918,47.41413865300628,33.85144927701427
2024-01-25 07:00:00,Ubicacion 1,15.764867690302854,61.81826107105259,57.749618806512245
2024-01-25 08:00:00,Ubicacion 1,21.964631446525004,57.100334239760414,85.27361578939424
2024-01-25 09:00:00,Ubicacion 3,17.47398755539154,67.51457497776157,35.02019519565764
2024-01-25 10:00:00,Ubicacion 3,15.396155225795177,54.84561301841533,26.79886825044201
2024-01-25 11:00:00,Ubicacion 3,15.599442982495733,33.91240645916211,6.188916884289575
2024-01-25 12:00:00,Ubicacion 2,15.610785370667873,65.374414529678,82.13034776981041
2024-01-25 13:00:00,Ubicacion 2,24.077329574850395,60.76622099954364,37.966644320667896
2024-01-25 14:00:00,Ubicacion 3,22.39883917829101,58.47481803573288,57.15501954169343
2024-01-25 15:00:00,Ubicacion 1,23.98062357213735,32.149341894149416,98.35554181712205
2024-01-25 16:00:00,Ubicacion 3,21.725823112965212,45.84890978646976,0.15945706042945762
2024-01-25 17:00:00,Ubicacion 1,20.289399290308832,36.69743277838157,14.545014069886598
2024-01-25 18:00:00,Ubicacion 3,18.044463643473783,62.87615633631476,77.91109940193554
2024-01-25 19:00:00,Ubicacion 2,24.979622513286735,58.02114491271451,80.51274852078379
2024-01-25 20:00:00,Ubicacion 1,18.621890589393892,65.3231038927654,76.92471190327555
2024-01-25 21:00:00,Ubicacion 2,19.706489492139095,68.66300427696656,53.699889104282924
2024-01-25 22:00:00,Ubicacion 1,18.782451749234617,60.989904567699945,97.88569810230561
2024-01-25 23:00:00,Ubicacion 1,24.795269293354586,69.76932332883048,39.61845599953205
2024-01-26 00:00:00,Ubicacion 3,16.746583853950057,54.59079544577195,60.19436981131123
2024-01-26 01:00:00,Ubicacion 1,18.2798800090808,31.48518415565791,6.33690045488483
2024-01-26 02:00:00,Ubicacion 3,21.803486660150014,30.570060606011836,40.98574499073388
2024-01-26 03:00:00,Ubicacion 2,15.632076183386307,43.68415500815155,72.2500087509922
2024-01-26 04:00:00,Ubicacion 3,21.072493740115412,62.93886876270149,23.873884077069928
2024-01-26 05:00:00,Ubicacion 2,19.77646502876416,64.64538825298925,94.38275890731485
2024-01-26 06:00:00,Ubicacion 2,17.83999976762101,68.43250115290712,68.6783367643289
2024-01-26 07:00:00,Ubicacion 3,17.38413280924058,32.60485874195274,28.757538285757146
2024-01-26 08:00:00,Ubicacion 1,20.145127432987568,31.78284443950656,76.89989227058564
2024-01-26 09:00:00,Ubicacion 2,18.679275805370413,66.53134385468135,8.31647718081091
2024-01-26 10:00:00,Ubicacion 1,19.565198912626553,42.20186793451447,97.47744225104566
2024-01-26 11:00:00,Ubicacion 2,18.3747738176424,52.31949602438531,4.928525907355851
2024-01-26 12:00:00,Ubicacion 2,24.704936935959775,69.2977953200284,93.34558911487183
2024-01-26 13:00:00,Ubicacion 2,16.33439431745604,46.017941389436935,25.28538777482612
2024-01-26 14:00:00,Ubicacion 3,15.968039531783742,56.63485593239359,75.78241076908905
2024-01-26 15:00:00,Ubicacion 3,18.43391728790916,46.03518254527941,0.007369943310608917
2024-01-26 16:00:00,Ubicacion 2,20.910269008704912,60.727786578511186,25.424008917959974
2024-01-26 17:00:00,Ubicacion 3,21.591764718500283,51.10858902291463,74.910060664972
2024-01-26 18:00:00,Ubicacion 3,18.97256747168042,39.500925519453986,53.233607089732224
2024-01-26 19:00:00,Ubicacion 2,24.992779939221712,40.85224405033865,11.495214963711486
2024-01-26 20:00:00,Ubicacion 2,18.518929961930425,40.32236850153629,39.36297458372753
2024-01-26 21:00:00,Ubicacion 3,22.214066679599526,51.29281313034243,37.55493550845426
2024-01-26 22:00:00,Ubicacion 3,21.375826945307928,58.12756064062657,56.81622441809498
2024-01-26 23:00:00,Ubicacion 2,23.130538632474607,67.97119600172569,66.79770724602177
2024-01-27 00:00:00,Ubicacion 3,24.7622566345382,57.76349500331919,84.083024241225
2024-01-27 01:00:00,Ubicacion 2,23.897936564455403,61.24771375849562,49.72313969773726
2024-01-27 02:00:00,Ubicacion 1,22.645619743577086,36.75704463458263,39.20217173051701
2024-01-27 03:00:00,Ubicacion 2,21.982484778182908,44.96250500029303,14.397653409538169
2024-01-27 04:00:00,Ubicacion 2,18.354981696758998,46.55120879433064,80.48229649897223
2024-01-27 05:00:00,Ubicacion 2,16.476855782067073,57.45520920001892,71.33704054145599
2024-01-27 06:00:00,Ubicacion 1,15.626360030598098,41.83567905507495,40.86773974546853
2024-01-27 07:00:00,Ubicacion 2,17.419017042014847,42.13167685678664,51.84323099426694
2024-01-27 08:00:00,Ubicacion 2,19.322814811812986,44.235566185634724,66.51828444118888
2024-01-27 09:00:00,Ubicacion 2,20.219962736299824,62.41208326172929,16.480558984753777
2024-01-27 10:00:00,Ubicacion 1,22.730835540548718,53.10360360173395,2.719779440792025
2024-01-27 11:00:00,Ubicacion 1,24.58740923056593,33.011091193309376,31.750369918668543
2024-01-27 12:00:00,Ubicacion 3,16.17320480384811,33.129843987618756,59.55850196361631
2024-01-27 13:00:00,Ubicacion 1,16.070041401937914,44.85147777129997,48.66060912814587
2024-01-27 14:00:00,Ubicacion 2,20.89694723013551,60.66364202424633,69.25546268631271
2024-01-27 15:00:00,Ubicacion 2,22.45398073947293,57.547337059147225,81.96898055745352
2024-01-27 16:00:00,Ubicacion 3,23.48150380346985,58.319294186047465,48.84424667302759
2024-01-27 17:00:00,Ubicacion 3,24.358320802167885,60.68840264216388,13.426702371782484
2024-01-27 18:00:00,Ubicacion 2,24.83426242260642,41.486108515453175,85.06279997989658
2024-01-27 19:00:00,Ubicacion 3,18.99801692224526,51.93025127768352,57.49903272741144
2024-01-27 20:00:00,Ubicacion 1,18.80335183527573,51.73410561267078,73.99374807828707
2024-01-27 21:00:00,Ubicacion 2,16.478086766972723,59.585300047197975,70.46646536082916
2024-01-27 22:00:00,Ubicacion 2,21.849344386835593,68.27482276422586,96.82117713312417
2024-01-27 23:00:00,Ubicacion 1,21.56761958440837,41.119597791818634,29.530732233581393
2024-01-28 00:00:00,Ubicacion 2,23.620625958512072,61.73126691028193,70.5306772779262
2024-01-28 01:00:00,Ubicacion 2,15.972579947876406,56.398821940930496,36.56763331259183
2024-01-28 02:00:00,Ubicacion 1,19.977769078253417,53.2095148345384,39.54107209186417
2024-01-28 03:00:00,Ubicacion 3,20.81081929672063,60.995191173896075,23.059463665872148
2024-01-28 04:00:00,Ubicacion 2,17.415570400399183,67.76129865712397,34.40101756508539
2024-01-28 05:00:00,Ubicacion 1,16.69025406129161,31.46765671477652,94.82967516582632
2024-01-28 06:00:00,Ubicacion 1,23.595808364196216,35.89600410052883,29.257084694760096
2024-01-28 07:00:00,Ubicacion 3,15.585349222355587,60.25148926004463,24.599060595658674
2024-01-28 08:00:00,Ubicacion 3,19.706209039180727,33.35165411640338,58.3137978473822
2024-01-28 09:00:00,Ubicacion 2,16.158340013008853,50.64494802964372,25.80359567417546
2024-01-28 10:00:00,Ubicacion 1,19.570587613313673,38.79443106566428,47.3385725594295
2024-01-28 11:00:00,Ubicacion 2,24.799623263423094,40.971828153710064,83.4176256556237
2024-01-28 12:00:00,Ubicacion 1,19.23706353455473,58.07361931777665,23.040031430717555
2024-01-28 13:00:00,Ubicacion 1,23.571249175045672,31.207710930748465,42.66914121839201
2024-01-28 14:00:00,Ubicacion 2,16.17315564183194,64.93277711607615,61.04897350200319
2024-01-28 15:00:00,Ubicacion 2,17.712520767618642,47.7791582140908,54.562892457348546
2024-01-28 16:00:00,Ubicacion 1,19.037927406673347,50.09573175628404,97.47232374152372
2024-01-28 17:00:00,Ubicacion 1,18.998121400093307,51.60191854774767,68.03702543951951
2024-01-28 18:00:00,Ubicacion 2,21.713834786701533,55.821771783179756,73.99462420484399
2024-01-28 19:00:00,Ubicacion 3,18.447181273755078,43.794263464909925,96.69559479667332
2024-01-28 20:00:00,Ubicacion 1,22.137668684100163,34.044299622539654,41.4438025228521
2024-01-28 21:00:00,Ubicacion 3,21.391868992253926,42.73515746664707,35.53798150610512
2024-01-28 22:00:00,Ubicacion 2,18.99161145254773,36.72568472091281,4.386242976638255
2024-01-28 23:00:00,Ubicacion 3,19.317601276543193,52.245327178018954,18.420430651882715
2024-01-29 00:00:00,Ubicacion 3,21.145276998103206,42.72114523841546,23.718963205167586
2024-01-29 01:00:00,Ubicacion 1,15.700421901446447,68.3226871197374,18.350446707133848
2024-01-29 02:00:00,Ubicacion 1,23.224067383556903,68.62937111921123,75.47838931965644
2024-01-29 03:00:00,Ubicacion 3,21.53421161113637,54.80503522272966,53.58829812761117
2024-01-29 04:00:00,Ubicacion 1,22.26342464417835,54.699890706691434,66.76338014584672
2024-01-29 05:00:00,Ubicacion 3,20.369230010823905,69.41514258268424,82.04621608393737
2024-01-29 06:00:00,Ubicacion 3,16.104771109917447,65.49132604940743,23.077394128589468
2024-01-29 07:00:00,Ubicacion 2,19.050356132969497,60.602797966325596,32.592393982149915
2024-01-29 08:00:00,Ubicacion 3,19.05373582848556,42.54362446970805,70.83602670365968
2024-01-29 09:00:00,Ubicacion 2,18.210429900432167,44.62156112472306,39.27589459044728
2024-01-29 10:00:00,Ubicacion 1,15.299503249047493,38.05067063043462,2.927094010104414
2024-01-29 11:00:00,Ubicacion 3,22.372542425964774,49.48592507669498,43.4955219026878
2024-01-29 12:00:00,Ubicacion 2,16.097844580625008,69.61474088558319,90.82730864154142
2024-01-29 13:00:00,Ubicacion 2,21.06308133045085,66.48603812046355,40.90215115928747
2024-01-29 14:00:00,Ubicacion 2,22.03217496467216,34.733977360778766,33.2248916442747
2024-01-29 15:00:00,Ubicacion 3,21.347863229336948,31.007611571620245,98.95250829450272
2024-01-29 16:00:00,Ubicacion 1,24.591422519779748,65.94550673633066,64.44155642370131
2024-01-29 17:00:00,Ubicacion 3,16.032981550851385,51.48680511794829,36.59980264711808
2024-01-29 18:00:00,Ubicacion 1,23.67167159105199,38.00759552833824,10.201953136380737
2024-01-29 19:00:00,Ubicacion 2,15.291902348489133,56.946130783385414,78.78494449464212
2024-01-29 20:00:00,Ubicacion 3,20.34916854927084,55.7689271171928,70.80749334877576
2024-01-29 21:00:00,Ubicacion 2,19.04243617939259,34.88342427345869,92.1915799248565
2024-01-29 22:00:00,Ubicacion 1,20.24183860393758,40.38400933990478,21.72756300280083
2024-01-29 23:00:00,Ubicacion 2,18.650998770600097,32.40311857253032,11.492434998823198
2024-01-30 00:00:00,Ubicacion 2,16.90566914940068,38.39441895480568,72.40725264090636
2024-01-30 01:00:00,Ubicacion 1,15.191228974486897,35.292226994122515,20.339584199869563
2024-01-30 02:00:00,Ubicacion 1,20.181498137911742,37.729451698982245,17.61038377894961
2024-01-30 03:00:00,Ubicacion 2,23.427768626848422,57.41868583652468,31.980733539607208
2024-01-30 04:00:00,Ubicacion 1,18.732159557447943,31.97998977044271,81.68251414784376
2024-01-30 05:00:00,Ubicacion 3,17.2286381801498,34.07418460992866,53.953660510963076
2024-01-30 06:00:00,Ubicacion 3,15.805320034718441,35.366945523131506,4.5850355102280975
2024-01-30 07:00:00,Ubicacion 1,15.853109231187034,42.66164483832536,46.38946746593172
2024-01-30 08:00:00,Ubicacion 3,17.213964462927724,41.950012434077635,68.39796113664752
2024-01-30 09:00:00,Ubicacion 2,16.000140609215553,40.20255141266558,53.83684384690157
2024-01-30 10:00:00,Ubicacion 1,17.65039698364482,60.02146613729665,57.2450218156556
2024-01-30 11:00:00,Ubicacion 3,15.661494621169547,69.92091151032403,22.477732839266462
2024-01-30 12:00:00,Ubicacion 1,15.656048672099256,51.35911694515183,84.7739331595348
2024-01-30 13:00:00,Ubicacion 3,23.562761796227818,67.76810871655769,56.13987175911242
2024-01-30 14:00:00,Ubicacion 1,16.621202607088332,45.864404485042584,71.32460130406766
2024-01-30 15:00:00,Ubicacion 2,20.596824058234482,34.267297872108536,98.18642170133025
2024-01-30 16:00:00,Ubicacion 2,22.734555444490304,46.35095317879349,42.819865767453216
2024-01-30 17:00:00,Ubicacion 1,19.564095653390666,41.84511093658773,88.10666126765085
2024-01-30 18:00:00,Ubicacion 3,16.533688778593458,49.73627849156713,0.7281013941125014
2024-01-30 19:00:00,Ubicacion 3,16.995961421201145,56.28174707665693,3.34072926151201
2024-01-30 20:00:00,Ubicacion 1,19.329842062811807,48.44200876609633,59.027992172881696
2024-01-30 21:00:00,Ubicacion 3,20.28234089178536,67.40642048311302,31.144939554220063
2024-01-30 22:00:00,Ubicacion 3,18.49440292048535,65.39059289197519,24.827656701970024
2024-01-30 23:00:00,Ubicacion 1,22.81479600234661,58.079103806647886,27.793535720895857
